loss,accuracy,num_samples
11.073260491024412,21.758569299552907,1342
