loss,accuracy,num_samples
0.47711610577545294,83.53204172876303,1342
