loss,accuracy,num_samples
0.20147389683635814,92.32488822652758,1342
