loss,accuracy,num_samples
7.1354523147727,22.131147540983605,1342
