loss,accuracy,num_samples
1.5694376473632903,75.78241430700447,1342
