loss,accuracy,num_samples
2.991579895403275,3.8002980625931446,1342
