{
  "num_samples": 1342,
  "loss": 0.43327275458733716,
  "accuracy": 87.63040238450074,
  "accuracy_top5": 99.92548435171386,
  "num_parameters": 2245649,
  "inference_time_ms": 5.900218486785889,
  "per_class": {
    "Corn___Common_Rust": {
      "precision": 0.6835443037974683,
      "recall": 0.9,
      "f1": 0.776978417266187,
      "support": 120
    },
    "Corn___Gray_Leaf_Spot": {
      "precision": 0.9047619047619048,
      "recall": 0.7307692307692307,
      "f1": 0.8085106382978723,
      "support": 52
    },
    "Corn___Healthy": {
      "precision": 0.9914529914529915,
      "recall": 0.9914529914529915,
      "f1": 0.9914529914529915,
      "support": 117
    },
    "Corn___Northern_Leaf_Blight": {
      "precision": 0.811965811965812,
      "recall": 0.9595959595959596,
      "f1": 0.8796296296296297,
      "support": 99
    },
    "Potato___Early_Blight": {
      "precision": 0.9801980198019802,
      "recall": 0.99,
      "f1": 0.9850746268656716,
      "support": 100
    },
    "Potato___Healthy": {
      "precision": 0.8,
      "recall": 1.0,
      "f1": 0.888888888888889,
      "support": 16
    },
    "Potato___Late_Blight": {
      "precision": 1.0,
      "recall": 0.92,
      "f1": 0.9583333333333334,
      "support": 100
    },
    "Rice___Brown_Spot": {
      "precision": 0.68,
      "recall": 0.5483870967741935,
      "f1": 0.6071428571428571,
      "support": 62
    },
    "Rice___Healthy": {
      "precision": 0.9027777777777778,
      "recall": 0.8666666666666667,
      "f1": 0.8843537414965987,
      "support": 150
    },
    "Rice___Leaf_Blast": {
      "precision": 0.6716417910447762,
      "recall": 0.45454545454545453,
      "f1": 0.5421686746987951,
      "support": 99
    },
    "Rice___Neck_Blast": {
      "precision": 0.8928571428571429,
      "recall": 1.0,
      "f1": 0.9433962264150945,
      "support": 100
    },
    "Sugarcane__Bacterial Blight": {
      "precision": 0.7,
      "recall": 0.7,
      "f1": 0.7,
      "support": 10
    },
    "Sugarcane__Healthy": {
      "precision": 0.8333333333333334,
      "recall": 1.0,
      "f1": 0.9090909090909091,
      "support": 10
    },
    "Sugarcane__Red Rot": {
      "precision": 0.8333333333333334,
      "recall": 0.5,
      "f1": 0.625,
      "support": 10
    },
    "Wheat___Brown_Rust": {
      "precision": 0.875,
      "recall": 1.0,
      "f1": 0.9333333333333333,
      "support": 91
    },
    "Wheat___Healthy": {
      "precision": 1.0,
      "recall": 0.8584070796460177,
      "f1": 0.9238095238095239,
      "support": 113
    },
    "Wheat___Yellow_Rust": {
      "precision": 1.0,
      "recall": 1.0,
      "f1": 1.0,
      "support": 93
    }
  }
}