loss,accuracy,num_samples
0.43327275458733716,87.63040238450074,1342
