loss,accuracy,num_samples
11.206046831057074,18.107302533532042,1342
